name|street|City|State|Zip5
Mcfadden|4989 Nostra, Road|Lebanon|WI|53047
Rosales|687-2896 Donec Ave|Scottsdale|AZ|85266
Garrett|P.O. Box 425, 9593 Lectus Street|Mantee|MS|39751
Petty|1496 Tellus Ave|Westborough|MA|01581
Howell|Ap #271-2580 Pharetra. St.|Flat Lick|KY|40935
Carrillo|146-8473 Luctus. Av.|Pearland|TX|77588
Eaton|P.O. Box 500, 9141 Auctor Av.|Sterling Forest|NY|10979
Cochran|912-5676 Donec Road|Los Angeles|CA|90038
Banks|Ap #244-2148 Arcu Rd.|Gustavus|AK|99096
Hale|583-4668 Suspendisse St.|Cullman|AL|35056
Mullen|8671 Praesent St.|Woodson|TX|76491
Rivas|881-453 Quam St.|Crystal Bay|MN|55323
Hinton|519-4903 Tempor St.|Casa Grande|AZ|85122
Cooper|P.O. Box 691, 5414 Pede, Avenue|Colorado Springs|CO|80919
Solomon|630-9464 Sodales Avenue|Fort Kent|ME|04743
Kelley|514-4470 Turpis Rd.|Orefield|PA|18069
Bernard|Ap #685-4577 Nec, St.|Statesboro|GA|30461
Cleveland|Ap #417-9607 Vel St.|Fort Dodge|IA|89089
Long|Ap #919-1088 Cursus, St.|New Haven|CT|06540
Leon|Ap #115-8738 Nec Ave|Capulin|CO|81124
Mathis|6760 Tellus. Avenue|Ivanhoe|MN|56142
England|Ap #575-9890 Eleifend St.|El Paso|TX|88510
Oneill|P.O. Box 936, 6191 Sed, Street|Echo|MN|56237
Haley|149-5028 Gravida. Street|Minneapolis|MN|55410
Foley|Ap #411-4842 Mauris St.|West Palm Beach|FL|33411
Workman|P.O. Box 587, 4522 Eu St.|Allenhurst|NJ|07711
Velazquez|P.O. Box 694, 1534 Donec Ave|Lyons|NJ|07939
England|Ap #326-8280 Habitant Ave|Kewaskum|WI|50006
Ayala|8963 Auctor Rd.|Washington|DC|20547
Vaughan|P.O. Box 530, 6687 Dapibus Rd.|Hayward|CA|99541
Stuart|P.O. Box 337, 9363 Aliquam Av.|Atlanta|GA|30353
Mays|P.O. Box 566, 1797 Ut St.|Marshall|TX|75672
Jennings|550-2102 Integer Rd.|Deer Isle|ME|04627
Olson|P.O. Box 723, 2840 Fringilla, St.|Lehigh Acres|FL|33971
Donaldson|467-7845 Sit Ave|San Saba|TX|76877
Mathews|Ap #722-1957 Mauris St.|Creston|OH|44217
Castillo|1659 Ipsum Rd.|Fulton|KS|66738
Larson|Ap #523-8915 Diam. Avenue|Perronville|MI|49873
Workman|2670 Curabitur St.|Boston|IN|47324
Floyd|184-9296 Laoreet Rd.|Washington|DC|20097
Alvarez|P.O. Box 253, 516 Feugiat. Street|Woodruff|UT|84086
Nichols|9703 Quis Av.|Napakiak|AK|99634
Parsons|Ap #799-5385 Eu Av.|Linn|WV|26384
Savage|3006 Donec Avenue|Centreville|VA|20120
Hewitt|Ap #219-5692 Nullam Street|Winton|NC|27986
Mcintyre|633-196 Suscipit Road|Herndon|VA|20192
Cantu|898-6514 Porttitor Rd.|Menard|TX|76859
Sosa|P.O. Box 950, 8928 In, Rd.|Sterling|CT|06377
Molina|3027 Tincidunt, Rd.|Gambier|OH|43022
Farrell|P.O. Box 694, 7566 Odio Av.|Millbrae|CA|94030
Morrison|8663 Nec Street|Butler|WI|53007
Barron|Ap #477-1834 Taciti Street|Mahanoy Plane|PA|17949
Hayes|4202 Iaculis Street|St Thomas|VI|00801
Mclean|Ap #321-358 Erat Road|Hogeland|MT|59529
Figueroa|Ap #288-8205 Varius Rd.|Goodwin|SD|57238
Reid|8530 Cursus Avenue|Blue Grass|VA|24413
Acevedo|P.O. Box 516, 1530 Pretium St.|Richwood|OH|43344
Sparks|399-8752 Semper Road|Maunaloa|HI|96770
Shields|Ap #620-530 Luctus Road|Fpo|AP|96348
Luna|119-595 Nullam Ave|Kent|IL|61044
Norris|527-9913 Amet, Rd.|Lisle|NY|13797
Clarke|P.O. Box 758, 6980 At Rd.|Redford|NY|12978
Hardin|Ap #133-9011 Ullamcorper Rd.|Kempton|IN|46049
Kaufman|P.O. Box 734, 7889 Ante. Rd.|Pine Hall|NC|27042
Moody|Ap #942-5352 Libero St.|Fpo|AP|96377
Meyers|P.O. Box 940, 3968 Nulla Av.|Carteret|NJ|07008
Wilkerson|P.O. Box 475, 8563 Lobortis, Rd.|Albany|NY|12241
Hester|Ap #907-3714 Velit Road|Eagleville|CA|96110
Knowles|P.O. Box 936, 768 Consequat, St.|Mendon|UT|84325
Faulkner|Ap #393-5165 Dui. Av.|Sheffield|IA|50475
Nash|4847 Sodales Street|Manchester|MI|48158
Wilcox|373-797 Semper Street|Richardson|TX|75081
Steele|Ap #455-727 Curabitur Rd.|Flushing|NY|11351
Hooper|739-101 Elit. St.|Lynbrook|NY|11563
Salazar|P.O. Box 466, 4347 Adipiscing Street|Longview|TX|75605
Church|294-5689 A, St.|Lewistown|MO|63452
Atkinson|2894 Ut, Rd.|Corpus Christi|TX|78478
Mccarthy|4072 Parturient St.|Marana|AZ|85658
Harrell|265-6166 Suspendisse Rd.|Goldsboro|NC|27534
Wolfe|P.O. Box 759, 1161 Arcu Avenue|Camden|OH|45311
Collier|4445 Amet St.|Boston|MA|02128
Patton|P.O. Box 916, 3754 Nec Rd.|Corpus Christi|TX|78413
Barton|Ap #232-9670 Habitant Av.|Watkins|CO|80137
Guy|P.O. Box 718, 6073 Placerat, Ave|Accord|MA|02018
Clayton|961-5575 In Road|Oneida|NY|13421
Morrison|872-8158 Dis Rd.|Capac|MI|48014
Carver|944-8353 Pharetra. Avenue|Ararat|NC|27007
Cannon|P.O. Box 250, 2665 Facilisis Ave|Pittsburg|MO|65724
Blanchard|145-795 Mi Ave|Saint Robert|MO|65584
Valencia|Ap #611-905 Lobortis Rd.|Midland|VA|22728
Daniels|553-4274 Nec Road|Winifrede|WV|25214
Olsen|603-8986 Et Road|Likely|CA|96116
Rasmussen|706-4092 Sit Road|Cambridge|MA|02238
Williams|7395 Nunc. Road|Gruver|IA|51344
Le|Ap #375-8882 Non Street|Fairmont|NE|68354
Trevino|Ap #698-447 Vulputate Av.|Tulsa|OK|74194
Parrish|Ap #658-4483 Pede Avenue|Windsor|CT|06006
Booker|P.O. Box 986, 5092 Tincidunt Avenue|Colton|WA|99113
Sweeney|454-3803 Tincidunt St.|Fort Stanton|NM|88323
Norman|1292 Pretium Street|Gold Bar|WA|98251
Burks|8673 Nunc St.|Berrien Springs|MI|49103
Walsh|Ap #921-9830 Neque. Rd.|Augusta|KY|41002
Duke|Ap #147-5698 Aenean St.|Shelbyville|TN|37160
Mercer|648 Est, St.|Washington|DC|20456
Austin|266-5468 Mauris Ave|Mylo|ND|58353
Fulton|604-9454 Mi Rd.|Midway Park|NC|28544
Cherry|5183 Erat Rd.|Martindale|TX|78655
Smith|Ap #271-401 Justo St.|Bismarck|ND|58502
Higgins|653-1194 Non St.|Topeka|KS|66624
Browning|Ap #289-4520 Dolor St.|Alex|OK|73002
Hooper|541-1181 Feugiat Street|Minneola|FL|34755
Gentry|P.O. Box 727, 1240 Tellus, Av.|Lincoln|NE|68529
Lane|P.O. Box 143, 7464 Cras St.|Avondale|AZ|85323
Sheppard|P.O. Box 202, 604 Nulla. Rd.|Granby|MA|01033
Wells|630-7162 Facilisis, St.|Fort Lupton|CO|80621
Ramsey|698-907 Dictum Road|Redwood City|CA|94062
Donaldson|P.O. Box 815, 663 Vel St.|Montgomery|IL|60538
Tate|P.O. Box 833, 603 Pretium Av.|Grandin|ND|58038
Campbell|P.O. Box 978, 4872 Duis Road|Winston Salem|NC|27101
Mendoza|517-1784 Cum St.|Woodland Mills|TN|38271
Stone|P.O. Box 213, 246 Id St.|Mogadore|OH|44260
Peck|P.O. Box 401, 5771 At, Rd.|Coolspring|PA|15730
Weber|618-960 Donec Rd.|Howe|OK|74940
Adkins|8263 Ipsum St.|Chauncey|OH|45719
Moreno|6599 Vitae Av.|Hillsville|PA|16132
Beasley|154-5920 Curabitur St.|Camden|NJ|08104
Simpson|Ap #320-5726 At Rd.|Toledo|OH|43657
Hill|631-2554 Massa. Rd.|Cass|WV|24927
Dominguez|193-5793 Ac Road|Miami|FL|33184
Ball|P.O. Box 444, 160 Lorem Avenue|Knickerbocker|TX|76939
Reid|985-5208 Quis St.|Poyen|AR|72128
Greene|239-6914 Sapien. Road|Plymouth|NE|68424
Horton|P.O. Box 787, 7606 Facilisis Ave|Carolina|PR|00985
Lee|4760 Arcu. Av.|Kenbridge|VA|23944
Gilliam|P.O. Box 855, 739 Metus Ave|Oran|IA|50664
Wise|P.O. Box 680, 2278 Non, St.|Upham|ND|58789
Carrillo|Ap #792-3895 Vestibulum Road|East Saint Louis|IL|62203
Leonard|P.O. Box 547, 6357 Pharetra, Ave|New York|NY|10111
Sheppard|P.O. Box 800, 183 Fames St.|Oklahoma City|OK|73173
Mckay|337-6276 Velit. St.|Struthers|OH|44471
Gonzales|184-4976 Quam. Avenue|Mcfaddin|TX|77973
Lowery|P.O. Box 117, 9511 Cras Av.|Scandia|MN|55073
Bradley|896-7185 Vel Rd.|Schriever|LA|70395
Chavez|Ap #913-3163 Sem, St.|Memphis|TN|38101
Holland|956-4396 Tellus Ave|Montier|MO|65546
Compton|P.O. Box 748, 1557 Vivamus St.|Rome|NY|13440
Yang|2533 Nulla. Av.|Tarzan|TX|79783
Guzman|P.O. Box 557, 4173 Vel St.|Cannel City|KY|41408
Snow|Ap #539-8907 Donec Street|Grand Canyon|AZ|86023
Lucas|Ap #417-5807 Viverra. Ave|Tulsa|OK|74128
Crawford|P.O. Box 538, 6710 Odio Avenue|Phoenix|AZ|85067
Mercado|663-9786 Amet Av.|Dallas|TX|75263
Kim|413-4417 Consequat Street|Chicago|IL|60678
Ferguson|5035 Purus. Street|Little Meadows|PA|18830
Holcomb|P.O. Box 349, 5644 Laoreet Av.|Brooklyn|NY|11255
Fernandez|Ap #437-9643 Donec Street|Boise|ID|83757
Ewing|P.O. Box 233, 1294 Aliquam Rd.|Cincinnati|OH|45240
Mccarty|Ap #333-7416 Feugiat. Road|Canton|OH|44799
Juarez|P.O. Box 726, 263 Hendrerit Av.|Paint Bank|VA|24131
Ruiz|P.O. Box 880, 2412 Mi Ave|West Alton|MO|63386
Estes|P.O. Box 982, 6782 Suspendisse Ave|Apo|AE|09808
Baird|Ap #316-898 Accumsan Road|Hunnewell|MO|63443
Horton|Ap #302-5178 Ut Av.|Iowa City|IA|52244
Harper|352-6521 Parturient Rd.|Atlanta|GA|31120
Cox|P.O. Box 520, 9439 Sed St.|Westville|IN|46391
Ferrell|176-2936 Vehicula Avenue|Aiken|SC|29801
Ingram|P.O. Box 582, 5901 Egestas St.|Sand Springs|MT|59077
Hebert|P.O. Box 295, 5956 Et, Ave|Jackson|MS|39269
Castaneda|240-3979 Gravida Road|New Orleans|LA|70112
Hubbard|1532 A Ave|Dalton|MA|01227
Blackburn|P.O. Box 900, 9262 Aenean Ave|Woodberry Forest|VA|22989
Wilson|P.O. Box 810, 941 Ultrices Av.|Kirby|WY|82430
Ratliff|115-1874 Nullam St.|Marceline|MO|64658
Mccoy|P.O. Box 594, 6243 Purus. Rd.|Glennville|GA|30427
Cain|Ap #390-1677 Ipsum. St.|Morgan City|MS|38946
Jenkins|P.O. Box 444, 5773 Dignissim St.|Lasara|TX|78561
Thornton|Ap #984-9904 Consequat, Ave|Coyle|OK|73027
Stevenson|3671 Interdum Rd.|Manassa|CO|81141
Wyatt|715-6122 Phasellus St.|Casa Grande|AZ|85293
Short|Ap #882-6137 Quisque Road|Camp Hill|PA|17012
Trevino|488-1219 Nulla St.|Markleysburg|PA|15459
Carey|Ap #206-7779 Luctus Rd.|Mesa|AZ|85207
Rocha|431-3603 Eget, St.|Springfield|IL|62721
Dominguez|5191 Et Rd.|Norwalk|CA|90659
Knowles|6694 Orci Rd.|Lake Hamilton|FL|33851
Weeks|P.O. Box 406, 676 Dictum Rd.|Bone Gap|IL|62815
Hardy|P.O. Box 805, 1722 Feugiat. Street|Allenton|MO|63001
Stevenson|521-9586 Vestibulum Av.|Damascus|MD|20872
Workman|2844 Est St.|Glendora|NJ|08029
Rosales|Ap #804-497 A Rd.|Philadelphia|PA|10052
Sanders|Ap #440-379 Aliquet. Av.|Wickett|TX|77788
Roach|677 Erat. Avenue|Mooers|NY|12958
Wells|5355 Pellentesque Street|Tyringham|MA|11164
Mueller|9742 Dapibus Rd.|Clinton Corners|NY|12514
Austin|5650 Quisque Av.|Albany|NY|12220
Calderon|Ap #864-9408 Aliquet Rd.|Lostant|IL|61334
Everett|P.O. Box 384, 3340 Cursus Rd.|Saint Bernard|LA|70085
Fry|604-351 Lobortis Avenue|Jackson|WY|83001
Galloway|874-7176 Eu Rd.|Newman Lake|WA|99025
Robertson|P.O. Box 475, 6252 Euismod Ave|Abercrombie|ND|58001
Robles|825-8614 Sapien. St.|Salem|OR|97306
Hurley|925-7313 Rutrum Av.|Dacono|CO|80514
Velazquez|P.O. Box 535, 7138 Sem Avenue|Mount Ayr|IN|47964
Donovan|P.O. Box 354, 7547 Faucibus St.|West York|IL|62478
Ballard|9878 Magna. St.|Canton|ME|04221
Lyons|P.O. Box 731, 3609 Suspendisse Ave|Bountiful|UT|84010
Russo|218-8113 Sit Road|Glen Allen|AL|35559
Holcomb|2023 Facilisis. Rd.|Ennis|TX|75120
Avery|P.O. Box 221, 6466 Fringilla. Avenue|Chesterfield|MO|63006
Nash|Ap #383-4918 Diam St.|Decatur|AL|35602
Rich|1648 Eu, St.|Walshville|IL|62091
Rutledge|7293 Sem. Av.|Mansfield|MA|02048
Jenkins|P.O. Box 702, 7815 Eget Road|Chase Mills|NY|13621
Serrano|479-7472 Ullamcorper. Ave|Glen Flora|TX|77443
Gonzalez|860-8561 Neque Ave|East Templeton|MA|01438
Warner|675-8768 Magnis Rd.|Tulsa|OK|74146
Cross|452-5536 A Street|Matthews|GA|30818
Bradshaw|Ap #671-8538 Eu Street|Toa Alta|PR|00953
Frye|190-5185 Montes, Avenue|Aiken|SC|29802
Herrera|P.O. Box 715, 5327 Urna. Av.|Cushing|TX|75760
Stevenson|250 Risus Street|Lambsburg|VA|24351
Quinn|Ap #753-8031 Turpis. Street|Gibson|MO|63847
Hanson|P.O. Box 306, 5810 Pellentesque Road|Mattawan|MI|49071
Sanders|7193 Massa. St.|Lexington|KY|40503
Wheeler|P.O. Box 723, 784 Blandit St.|Salt Lake City|UT|84124
Gibbs|P.O. Box 992, 3337 Fusce Rd.|Alexandria|VA|22333
Diaz|P.O. Box 187, 8728 Mollis St.|Shelter Island Heights|NY|11965
Jackson|Ap #134-1039 Sit Ave|Rochester|NY|14624
Norman|727-3337 Sem, St.|Clancy|MT|59634
Figueroa|6839 Tristique Street|Americus|GA|31709
Alford|Ap #126-8146 Nunc. Street|Homewood|CA|96141
Flores|966 Vestibulum Ave|Lac Du Flambeau|WI|54538
Adams|P.O. Box 506, 3399 Et, St.|Swampscott|MA|01907
Montgomery|5042 Porttitor Ave|Perrysville|OH|44864
Leon|Ap #517-8294 Neque Street|Ochelata|OK|74051
Huber|Ap #297-7608 Neque. Rd.|Union|NH|03887
Marsh|Ap #403-985 Id Rd.|Paoli|OK|73074
England|P.O. Box 400, 1324 Tincidunt, Road|Black Eagle|MT|59414
Mcgowan|P.O. Box 772, 4624 Laoreet Avenue|Austin|TX|40001
Sosa|5304 Euismod Ave|Palau|PW|96939
Mcconnell|7329 Duis St.|Apo|AE|09806
Chavez|Ap #192-4684 Fermentum Road|Sanford|FL|32771
Kelley|P.O. Box 158, 810 Mi St.|Milledgeville|GA|31061
Quinn|342-6860 Nisl. Street|New York|NY|11009
Payne|539-7506 Aliquam Avenue|Oskaloosa|KS|66666
Emerson|P.O. Box 651, 9302 Sapien, Av.|Tavernier|FL|33070
Mckee|935-3014 In Street|Indianapolis|IN|40000
Cline|725-9085 Non Street|Apo|AE|09042
Barr|560-4119 Cum Rd.|Kissimmee|FL|34758
Maddox|P.O. Box 902, 5572 Id Rd.|Rothville|MO|64676
Malone|3397 Dolor. Rd.|Little Rock|AR|72201
Oneill|4285 Erat Ave|East China|MI|48054
Daugherty|749-7397 Interdum Avenue|Grulla|TX|78548
Merrill|780-5741 Mollis St.|Loon Lake|WA|99148
Padilla|968-8510 Dolor. Rd.|Waterville|VT|05492
Lane|629-882 Enim. Rd.|Etowah|TN|37331
Ball|P.O. Box 899, 8961 Ante. Road|Cody|NE|69211
Park|433-7777 Pede. Rd.|Bobtown|PA|15315
Whitfield|P.O. Box 946, 882 Magnis Road|Billings|MT|59102
Cunningham|P.O. Box 723, 3385 Aliquet Rd.|Huntsville|TX|77349
Mendez|561-8882 Egestas Avenue|Oakwood|TX|75855
Holcomb|P.O. Box 320, 3430 Sit Street|Middleton|MI|48856
Ratliff|7276 Convallis Road|Hoolehua|HI|96729
Hicks|9305 Tincidunt Rd.|Seymour|TX|76380
Johnson|Ap #841-4028 Non Av.|Poughkeepsie|NY|12602
Matthews|716-739 Eleifend. Street|Woodstock|OH|43084
Berry|869-8375 Lorem Rd.|Valentine|TX|60145
Harding|P.O. Box 274, 2130 Sem Road|La Porte|IN|46350
Herman|Ap #850-3676 Orci St.|Webster|FL|33597
Davidson|481-7918 Sem Ave|California City|CA|93505
Tran|2906 Interdum Av.|Colony|KS|66015
Johnston|P.O. Box 122, 3238 Semper Avenue|Marathon Shores|FL|33052
Vang|395-182 Id Avenue|Beaver Springs|PA|17843
Parker|P.O. Box 917, 843 Non, Road|Dewy Rose|GA|30634
Tran|948 Curabitur Road|Bluff City|AR|71722
Drake|Ap #402-3009 Non Street|Arcadia|CA|91066
Cooper|707-8878 Tellus. Avenue|Weaverville|CA|96093
Barlow|893-1659 Ultrices. Av.|Tucson|AZ|85728
Farrell|390-9744 Cras Avenue|Grangeville|ID|83530
Thompson|4528 Nec St.|Hometown|WV|25109
Beach|774 Pede Rd.|Melrose Park|IL|60164
Mendez|612-704 Arcu Road|Davenport|VA|24239
Foley|6772 Etiam Rd.|Portland|OR|97254
Case|984-4921 Metus. Ave|West Palm Beach|FL|33422
Tucker|915-219 Nec, Road|Hasty|AR|72640
Bowman|P.O. Box 898, 6579 Mauris Rd.|South Pomfret|VT|05067
Cobb|Ap #368-4023 Hendrerit Ave|Argonne|WI|54511
Klein|159-4281 Lobortis Street|Chateaugay|NY|12920
Booker|513-3109 Et St.|Wilkes Barre|PA|18765
Obrien|4832 Tristique Av.|Duryea|PA|18642
Hodge|Ap #744-3142 Ultricies St.|Whitelaw|WI|54247
Wright|1336 Metus. Avenue|Silver Spring|MD|20906
Anderson|P.O. Box 406, 3536 Nec Street|Apo|AP|96204
Goodman|258-9941 Auctor, Rd.|Colorado Springs|CO|80908
Hartman|Ap #622-3193 Volutpat Road|Birmingham|AL|35228
Nolan|Ap #536-7064 Risus St.|North Providence|RI|02911
Howard|9245 Risus Av.|Proctor|OK|74457
Colon|P.O. Box 443, 956 Lobortis Av.|Bloomfield|NE|68718
West|Ap #337-812 Libero. Avenue|Dover|IL|61323
Alexander|Ap #288-6588 Aliquam St.|Georgetown|MN|56546
Daniels|592-1679 Nunc Ave|Mocksville|NC|27028
Nieves|P.O. Box 967, 3684 Interdum St.|Doyle|TN|38559
Mullen|Ap #237-2309 Libero Avenue|Leland|NC|28451
Castillo|502 Massa Ave|Garden City|NY|11530
Matthews|P.O. Box 908, 6006 Massa. Rd.|Pottstown|PA|19464
Roach|Ap #624-4034 Integer Avenue|Sebastian|FL|32958
Mathis|1897 Arcu Road|Miami|FL|33124
Rivers|Ap #326-1431 Fusce St.|Corpus Christi|TX|78419
Norris|2609 Lectus Rd.|Alder Creek|NY|13301
Cooper|6451 Suspendisse St.|Skaneateles|NY|13152
Carpenter|466-6410 Nunc Av.|Columbia|SC|29215
Stout|Ap #830-4089 Mauris. Avenue|Ayden|NC|28513
Stevenson|2416 Aliquam Avenue|Preemption|IL|61276
Boyd|1323 Per Road|Charleston|SC|29414
Stevens|183-1991 Lacus. Rd.|Little River|CA|90000
Jennings|Ap #655-5856 Turpis St.|Apo|AE|09003
Kidd|Ap #117-3731 Odio. Avenue|Corpus Christi|TX|78477
Cantrell|P.O. Box 898, 4381 Neque Rd.|Solo|MO|65564
Fuller|Ap #892-5226 Augue Av.|Nutley|NJ|07110
Keller|P.O. Box 600, 438 Eget, Road|Pillow|PA|17080
Cleveland|2720 Congue, Street|Fullerton|CA|92836
Vaughn|P.O. Box 980, 8634 Egestas Road|Falls Church|VA|22042
Humphrey|P.O. Box 277, 636 Ipsum Road|Allamuchy|NJ|07820
Flores|2314 Commodo Street|Johannesburg|CA|93528
Bullock|P.O. Box 834, 792 Sed Rd.|Spring Grove|MN|55974
Neal|Ap #464-4709 Mollis Street|Bexar|AR|72515
Walls|Ap #819-2469 Suspendisse St.|Holt|FL|55570
Ruiz|6242 In Rd.|South Burlington|VT|11007
Koch|3732 Mi Road|Liverpool|NY|13089
Roach|366-3000 Rutrum, Street|Mesa|CO|81643
Torres|4671 Dolor Road|Cedarcreek|MO|65627
Bryan|Ap #995-9636 Sociis St.|Grafton|NH|03240
Simon|728-9418 Sit Road|Montgomery|AL|36118
Key|Ap #642-176 Vitae, St.|Marine On Saint Croix|MN|55047
Patterson|284 Semper, Road|West Long Branch|NJ|07764
Hayes|118-6617 Rutrum, Rd.|Des Plaines|IL|60018
Shields|507-9591 Vivamus St.|Morven|NC|28119
Rosario|P.O. Box 926, 6745 Ridiculus St.|Turpin|OK|73950
Aguilar|7408 Blandit Ave|Hana|HI|96713
Zimmerman|Ap #319-2489 Ac St.|East Ryegate|VT|05042
Armstrong|P.O. Box 468, 8510 Cras Ave|Green Bay|WI|54307
Rios|786-3515 Luctus St.|Visalia|CA|93279
Cannon|P.O. Box 358, 849 Taciti Av.|Apo|AE|09647
Price|442-6140 Pretium Street|Woodbury Heights|NJ|08097
Morris|196-6463 Donec Road|Wilderville|OR|97543
Lowery|5702 Dolor Rd.|San Miguel|CA|93451
Mcdowell|7922 Pede. Rd.|Albany|NY|12288
Compton|158-8341 Velit. Road|Mc Gill|NV|89318
Wheeler|900-4726 Ultricies St.|Newington|VA|22122
Soto|3442 Elit, Road|Dillsburg|PA|17019
Adams|P.O. Box 641, 7769 A Avenue|Russellville|AL|35654
Snider|367-4318 At Street|Benson|AZ|85602
Cochran|P.O. Box 420, 5750 Sed Rd.|Far Hills|NJ|07931
Cooley|3857 Quisque Rd.|Oklahoma City|OK|73132
Adkins|8762 Tellus Street|Dpo|AE|09758
Meyers|1324 Enim. St.|Abbyville|KS|67510
Daniel|Ap #687-226 Elit. Ave|Munden|KS|66959
Stevens|Ap #542-6845 Eu Avenue|Artois|CA|95913
Ingram|Ap #514-4837 Metus Rd.|Greeley|CO|80639
Juarez|P.O. Box 379, 1547 Eget Ave|Bellevue|WA|98006
Wright|P.O. Box 795, 2824 Nunc Avenue|San Luis|CO|81134
Chaney|9036 Erat, Road|Roseville|MI|48066
Taylor|P.O. Box 503, 7483 Nibh St.|Paso Robles|CA|93447
Shields|802-2582 Mauris. Road|Gadsden|AL|35902
Spears|951-1914 Quis Av.|Henrietta|NY|14467
Rodriquez|P.O. Box 685, 123 Nec Avenue|Scottsboro|AL|35769
Johnston|P.O. Box 639, 855 Tempus Road|Phoenix|AZ|85097
Barton|3433 Eu Rd.|New York|NY|10111
Bartlett|481-4764 Aliquam Avenue|Blairstown|MO|64726
Wheeler|9423 Morbi Av.|Manchester|VT|05254
Burton|P.O. Box 509, 144 Suspendisse Rd.|Bridgeville|DE|19933
Barker|P.O. Box 616, 3524 Risus, St.|Princeton|WV|24740
Eaton|387-117 Mollis Street|Palermo|CA|95968
Flowers|Ap #114-3993 Tempor St.|Cutchogue|NY|11935
Rush|320-8569 Cras Avenue|Menahga|MN|56464
Ferrell|3178 Blandit. Road|Albion|RI|02802
Jackson|401-7749 Dis Ave|Daytona Beach|FL|32117
Ewing|2792 Luctus Rd.|Keystone|NE|69144
West|P.O. Box 505, 6346 Porttitor St.|Pinon Hills|CA|92372
Brennan|7079 Libero Rd.|Buellton|CA|93427
Abbott|Ap #408-8397 Molestie St.|Fair Oaks|CA|95628
Reynolds|841-5414 Dolor, St.|Jewell Ridge|VA|24622
Weeks|633-6076 Fusce Avenue|Fpo|AE|09590
Daniels|142-5861 Imperdiet Rd.|Vero Beach|FL|32960
Swanson|2516 Imperdiet Road|Bethesda|MD|20827
Chambers|Ap #729-4016 Erat Av.|Greeleyville|SC|29056
Franks|823-3156 Adipiscing Road|Denmark|ME|04022
Lynn|Ap #448-5558 Orci. Rd.|Bernard|IA|52032
Barr|191-2340 Sit Ave|Los Angeles|CA|90007
Morin|P.O. Box 441, 3781 Suspendisse Av.|Milford|UT|84751
Lindsey|Ap #901-5139 Pede. Avenue|Millersburg|IN|46543
Knowles|P.O. Box 112, 6533 Ut St.|Emmonak|AK|99581
Leon|Ap #773-4316 Mauris Av.|Linefork|KY|41833
Love|3292 Eget Street|Finlayson|MN|55735
Haynes|280-8524 Libero. Ave|Windsor Heights|WV|26075
Kirby|417-1201 Volutpat. Street|Bethany|MO|64424
Lang|Ap #792-6861 Justo Avenue|Atlanta|GA|30312
Pickett|505-2896 Odio Road|South Bay|FL|33493
Warren|3975 Dolor. Street|Murphy|ID|83650
Duran|Ap #907-2758 Lorem, St.|New Auburn|WI|54757
Head|966-9433 Interdum St.|Bude|MS|39630
Garcia|846-1102 Urna St.|Camp Meeker|CA|95419
Bowman|4445 Nibh. Avenue|Perris|CA|92572
Carson|Ap #323-8847 Tincidunt, Avenue|Powell|TN|37849
Cote|670-7390 Diam. Rd.|Dothan|AL|36305
Rutledge|P.O. Box 406, 8558 Non, St.|Blue Mound|IL|62513
Hicks|3459 Natoque Road|New Paris|OH|45347
Cameron|837-8685 In St.|Ashtabula|OH|44005
Sawyer|5549 Felis. Rd.|Sharpsburg|OH|45777
West|Ap #890-5315 Integer Avenue|Spruce|MI|48762
Mercado|Ap #775-4958 Aliquam St.|Beech Grove|IN|46107
Simon|828-6598 Ultricies Road|Oshkosh|WI|54901
Mccormick|P.O. Box 375, 3228 Nunc Rd.|Naguabo|PR|00718
Simpson|840-7365 Convallis Avenue|Wharton|TX|77488
George|Ap #420-9538 Neque Rd.|Anthony|NM|88021
Carey|Ap #587-629 Quis Rd.|Silver Spring|MD|20906
Poole|P.O. Box 467, 3086 Mauris St.|Porum|OK|74455
Knapp|P.O. Box 816, 6567 Fringilla, Avenue|Imbler|OR|97841
Marsh|P.O. Box 276, 9734 Sapien. St.|Glade Hill|VA|24092
Banks|9255 Integer St.|Evansville|IN|47724
Rodriguez|196-8597 Nostra, St.|Raleigh|NC|27609
Pace|3826 Metus. Road|Rydal|GA|30171
Austin|580-4043 Aliquam St.|Clute|TX|77531
Stephenson|P.O. Box 825, 9208 Nec, St.|Java|VA|24565
Burt|137-6880 Et St.|Zanesville|OH|43702
Strickland|892-289 Sed Rd.|Silver Spring|MD|20901
Vazquez|283-4109 Adipiscing Rd.|Witter Springs|CA|95493
Tyler|1062 Arcu Street|Symsonia|KY|42082
Lloyd|Ap #449-8503 Id Street|Redmond|WA|98073
Bowers|6313 Eget, Road|Culp Creek|OR|97427
Moon|6940 Enim. Street|Chattahoochee|FL|32324
Sutton|Ap #952-8832 Fames Street|Felton|PA|17322
Maldonado|707-6069 Ante Road|Whittier|CA|90610
Guzman|Ap #806-3062 Massa St.|East Otto|NY|14729
Bright|Ap #416-9662 Nibh. Avenue|Kansas City|MO|64167
Collier|667-9971 Pede Ave|Richlands|VA|24641
Park|P.O. Box 968, 3690 Feugiat Avenue|Dpo|AE|09874
Anthony|2574 Eu, St.|Weir|MS|39772
Bird|P.O. Box 255, 3704 Nascetur Av.|Mountain View|WY|82939
Nichols|402-251 Justo. St.|Worthington|KY|41183
Hogan|Ap #837-1871 Vel Road|Ruth|NV|89319
Mcintosh|614 Non, Rd.|Eagan|TN|37730
Mckenzie|595-8027 Risus Avenue|Mineola|NY|11501
Armstrong|Ap #626-3483 Elit, Ave|Fairview|OR|97024
Castillo|190-8786 Enim. Ave|Conyers|GA|30013
Clayton|Ap #186-1606 Ut St.|Penngrove|CA|94951
Thompson|P.O. Box 730, 4265 Sodales. St.|Kansas City|MO|64125
Avery|9793 At Avenue|New Orleans|LA|70152
Ford|9202 Dapibus Rd.|Northfield Falls|VT|05664
Donaldson|301-3498 Pellentesque Rd.|Santa Clara|CA|95055
Jones|Ap #924-5150 Adipiscing Rd.|Myersville|MD|21773
Watts|867-3263 Risus. Avenue|Apo|AE|09319
Branch|983-4115 Arcu. Rd.|Apple Valley|CA|92308
Henson|301-935 Eleifend Rd.|Montgomery|AL|36135
Perez|P.O. Box 439, 5420 Suspendisse Road|Harrisburg|PA|17101
Zamora|362-1638 Donec Ave|Sturgis|MI|49091
Levy|7818 Eget Rd.|Oceanside|CA|92058
Oneal|992-9094 Neque Rd.|Dallas|TX|75202
Frazier|P.O. Box 667, 9658 Posuere, Av.|Somerset|NJ|08875
Harvey|Ap #662-6790 Ante. St.|Bridgeport|CT|06607
Garrison|P.O. Box 948, 1670 Convallis Rd.|Chatfield|TX|75105
Macdonald|1747 Ullamcorper. Ave|Clinton|MS|39056
Sharp|390-5203 Blandit. Street|Mineral Wells|WV|26121
Roberts|P.O. Box 808, 9081 Magna. St.|Sycamore|OH|44882
Wagner|772-3269 Elementum Rd.|Three Rivers|TX|78071
Kennedy|9516 Inceptos Road|Kailua Kona|HI|96740
Stephenson|489-5211 Gravida Av.|Salt Lake City|UT|84126
Hardin|Ap #544-7133 In St.|Austin|TX|78723
Hansen|P.O. Box 348, 8227 Cras Avenue|Mc Kee|KY|40447
Nichols|P.O. Box 136, 6577 Risus, Av.|Washington|DC|20472
Browning|556-4822 Non, Road|Mayaguez|PR|00682
Blanchard|439-9764 Quisque Road|Sherman|TX|75090
Dillard|Ap #321-2202 Neque Ave|Orwell|NY|13426
Dalton|179-717 Neque Rd.|Belleville|NY|13611
Weiss|146-9529 Magnis Av.|Birchwood|TN|37308
Jimenez|620 Vivamus Road|Totowa|NJ|07512
Alexander|7843 Est, Avenue|Ozark|AL|36361
Craft|P.O. Box 896, 2715 Lacus. Ave|Panama City Beach|FL|32407
Figueroa|P.O. Box 341, 324 Eu St.|Wichita Falls|TX|76302
Davenport|Ap #359-4551 Vitae Road|Gilmore|AR|72339
Howe|P.O. Box 210, 1544 Lorem, Rd.|Allentown|PA|18101
Hart|P.O. Box 584, 6910 Non Rd.|Megargel|AL|36457
Benjamin|754-6151 Mi St.|Quitman|MS|39355
Howe|1569 Egestas St.|Helena|AR|72342
Herrera|809-1054 Vivamus Ave|Urbana|OH|43078
Bright|Ap #431-3555 Fames Rd.|Pointe Aux Pins|MI|49775
Ball|P.O. Box 786, 8414 Risus. Street|Puyallup|WA|98371
Harrison|2044 Quisque Av.|Franklin Grove|IL|61031
Ingram|P.O. Box 633, 853 Amet, Ave|Encino|CA|91426
Wilkins|136-123 Lorem Street|Sacramento|CA|94230
Alexander|P.O. Box 766, 2435 Sagittis Street|Maryville|IL|62062
Langley|P.O. Box 792, 1454 Ad Avenue|Sassafras|KY|41759
Kirk|6037 Lacinia. Road|Tigrett|TN|38070
Craft|242-3245 Integer Av.|Haledon|NJ|07508
Blackwell|6172 Id Avenue|Waverly|WA|99039
Lang|9039 Sed Rd.|San Francisco|CA|94152
Rios|P.O. Box 341, 2903 Ornare. Av.|Town Creek|AL|35672
Summers|6418 Sapien. Road|Atlanta|GA|30314
Barr|167 Semper Road|Vidor|TX|89013
Roberts|4631 Consequat Ave|Bethesda|MD|20817
